{"IcoMoonType":"selection","icons":[{"icon":{"paths":["M-18-244h1220.002v1423.999h-1220.002v-1423.999z"],"attrs":[{"fill":"rgb(255, 255, 255)"}],"isMulticolor":false,"isMulticolor2":false,"grid":0,"tags":["button"]},"attrs":[{"fill":"rgb(255, 255, 255)"}],"properties":{"order":3,"id":0,"name":"button","prevSize":32,"code":59648},"setIdx":0,"setId":3,"iconIdx":0}],"height":1024,"metadata":{"name":"iconfixme"},"preferences":{"showGlyphs":true,"showQuickUse":false,"showQuickUse2":true,"showSVGs":true,"fontPref":{"prefix":"","metadata":{"fontFamily":"iconfixme","majorVersion":1,"minorVersion":0},"metrics":{"emSize":1024,"baseline":6.25,"whitespace":50},"embed":false,"noie8":false,"ie7":false,"showSelector":true,"selector":"class","classSelector":".icon"},"imagePref":{"prefix":"icon-","png":true,"useClassSelector":true,"color":0,"bgColor":16777215,"classSelector":".icon"},"historySize":50,"showCodes":true,"gridSize":16}}